,Date,Home_team_ID,HG,Away_team_ID,AG
0,2023-10-18,MIA2023,2,CLT2023,2
1,2023-10-14,LAG2023,2,RSL2023,2
2,2023-10-14,NSH2023,3,NER2023,2
3,2023-10-14,FCD2023,1,COL2023,1
4,2023-10-07,SEA2023,0,VAN2023,0
5,2023-10-07,RSL2023,2,SKC2023,3
6,2023-10-07,CHI2023,0,CLT2023,2
7,2023-10-07,MIN2023,5,LAG2023,2
8,2023-10-07,HOU2023,5,COL2023,1
9,2023-10-07,ATX2023,1,LAFC2023,4
10,2023-10-07,FCD2023,1,SJE2023,1
11,2023-10-07,NYRB2023,3,TOR2023,0
12,2023-10-07,MIA2023,0,CIN2023,1
13,2023-10-07,MTL2023,4,POR2023,1
14,2023-10-07,PHI2023,0,NSH2023,0
15,2023-10-07,ORL2023,3,NER2023,2
16,2023-10-07,ATL2023,1,CLB2023,1
17,2023-10-07,DCU2023,2,NYC2023,0
18,2023-10-04,VAN2023,3,STL2023,0
19,2023-10-04,LAFC2023,4,MIN2023,1
20,2023-10-04,SEA2023,2,LAG2023,1
21,2023-10-04,NSH2023,0,ORL2023,1
22,2023-10-04,CHI2023,4,MIA2023,1
23,2023-10-04,ATX2023,3,DCU2023,0
24,2023-10-04,PHI2023,3,ATL2023,2
25,2023-10-04,MTL2023,1,HOU2023,1
26,2023-10-04,NER2023,1,CLB2023,2
27,2023-10-04,CLT2023,3,TOR2023,0
28,2023-10-04,CIN2023,1,NYRB2023,2
29,2023-10-01,LAFC2023,0,RSL2023,1
30,2023-09-30,LAG2023,3,POR2023,2
31,2023-09-30,VAN2023,2,DCU2023,2
32,2023-09-30,COL2023,1,ATX2023,0
33,2023-09-30,MIA2023,1,NYC2023,1
34,2023-09-30,NSH2023,0,SEA2023,0
35,2023-09-30,MIN2023,1,SJE2023,1
36,2023-09-30,STL2023,4,SKC2023,1
37,2023-09-30,HOU2023,0,FCD2023,0
38,2023-09-30,NER2023,2,CLT2023,1
39,2023-09-30,ORL2023,2,MTL2023,0
40,2023-09-30,CLB2023,1,PHI2023,1
41,2023-09-30,TOR2023,2,CIN2023,3
42,2023-09-30,NYRB2023,0,CHI2023,1
43,2023-09-27,COL2023,2,VAN2023,2
44,2023-09-27,PHI2023,1,FCD2023,1
45,2023-09-24,ATX2023,3,LAG2023,3
46,2023-09-24,ORL2023,1,MIA2023,1
47,2023-09-24,NYC2023,3,TOR2023,0
48,2023-09-23,SJE2023,1,NSH2023,1
49,2023-09-23,POR2023,3,COL2023,2
50,2023-09-23,RSL2023,2,VAN2023,1
51,2023-09-23,FCD2023,1,CLB2023,0
52,2023-09-23,SKC2023,2,HOU2023,1
53,2023-09-23,MIN2023,1,STL2023,2
54,2023-09-23,CHI2023,2,NER2023,2
55,2023-09-23,DCU2023,3,NYRB2023,5
56,2023-09-23,ATL2023,4,MTL2023,1
57,2023-09-23,CIN2023,3,CLT2023,0
58,2023-09-23,PHI2023,0,LAFC2023,0
59,2023-09-20,LAG2023,4,MIN2023,3
60,2023-09-20,POR2023,2,SJE2023,1
61,2023-09-20,COL2023,1,SEA2023,2
62,2023-09-20,RSL2023,1,FCD2023,3
63,2023-09-20,STL2023,0,LAFC2023,0
64,2023-09-20,SKC2023,0,NSH2023,3
65,2023-09-20,HOU2023,4,VAN2023,0
66,2023-09-20,DCU2023,1,ATL2023,1
67,2023-09-20,CLT2023,2,PHI2023,2
68,2023-09-20,NYC2023,2,ORL2023,0
69,2023-09-20,CLB2023,3,CHI2023,0
70,2023-09-20,MTL2023,1,CIN2023,1
71,2023-09-20,MIA2023,4,TOR2023,0
72,2023-09-20,NYRB2023,0,ATX2023,1
73,2023-09-17,ATX2023,1,POR2023,2
74,2023-09-16,SJE2023,2,RSL2023,1
75,2023-09-16,LAFC2023,4,LAG2023,2
76,2023-09-16,COL2023,2,NER2023,1
77,2023-09-16,FCD2023,1,SEA2023,1
78,2023-09-16,HOU2023,1,STL2023,1
79,2023-09-16,MIN2023,0,SKC2023,1
80,2023-09-16,MTL2023,0,CHI2023,0
81,2023-09-16,TOR2023,1,VAN2023,2
82,2023-09-16,PHI2023,2,CIN2023,2
83,2023-09-16,ORL2023,4,CLB2023,3
84,2023-09-16,CLT2023,0,DCU2023,0
85,2023-09-16,ATL2023,4,MIA2023,2
86,2023-09-16,NYC2023,0,NYRB2023,0
87,2023-09-10,LAG2023,2,STL2023,2
88,2023-09-09,POR2023,2,LAFC2023,0
89,2023-09-09,MIN2023,1,NER2023,1
90,2023-09-09,MIA2023,3,SKC2023,2
91,2023-09-09,DCU2023,0,SJE2023,0
92,2023-09-03,LAFC2023,1,MIA2023,3
93,2023-09-03,PHI2023,4,NYRB2023,1
94,2023-09-02,SJE2023,1,MIN2023,1
95,2023-09-02,LAG2023,0,HOU2023,0
96,2023-09-02,SEA2023,2,POR2023,2
97,2023-09-02,RSL2023,2,COL2023,0
98,2023-09-02,FCD2023,2,ATL2023,2
99,2023-09-02,SKC2023,2,STL2023,1
100,2023-09-02,NSH2023,1,CLT2023,1
101,2023-09-02,NER2023,2,ATX2023,2
102,2023-09-02,DCU2023,3,CHI2023,0
103,2023-09-02,MTL2023,2,CLB2023,3
104,2023-09-02,CIN2023,0,ORL2023,1
105,2023-09-02,NYC2023,1,VAN2023,1
106,2023-08-30,SJE2023,1,LAG2023,3
107,2023-08-30,POR2023,2,RSL2023,1
108,2023-08-30,ATX2023,1,SEA2023,2
109,2023-08-30,MIN2023,3,COL2023,0
110,2023-08-30,HOU2023,2,CLB2023,0
111,2023-08-30,STL2023,2,FCD2023,1
112,2023-08-30,CHI2023,0,VAN2023,1
113,2023-08-30,MIA2023,0,NSH2023,0
114,2023-08-30,ATL2023,1,CIN2023,2
115,2023-08-30,CLT2023,1,ORL2023,1
116,2023-08-30,NYC2023,2,MTL2023,0
117,2023-08-30,NER2023,1,NYRB2023,0
118,2023-08-30,TOR2023,3,PHI2023,1
119,2023-08-27,MIN2023,0,SEA2023,1
120,2023-08-26,LAG2023,3,CHI2023,0
121,2023-08-26,POR2023,2,VAN2023,3
122,2023-08-26,RSL2023,0,HOU2023,3
123,2023-08-26,FCD2023,1,ATX2023,0
124,2023-08-26,SKC2023,3,SJE2023,0
125,2023-08-26,DCU2023,1,PHI2023,3
126,2023-08-26,CIN2023,3,NYC2023,0
127,2023-08-26,CLB2023,2,TOR2023,0
128,2023-08-26,NYRB2023,0,MIA2023,2
129,2023-08-26,MTL2023,1,NER2023,0
130,2023-08-26,ATL2023,4,NSH2023,0
131,2023-08-26,CLT2023,2,LAFC2023,1
132,2023-08-26,ORL2023,2,STL2023,1
133,2023-08-23,LAFC2023,4,COL2023,0
134,2023-08-20,VAN2023,0,SJE2023,1
135,2023-08-20,SEA2023,0,ATL2023,2
136,2023-08-20,STL2023,6,ATX2023,3
137,2023-08-20,HOU2023,5,POR2023,0
138,2023-08-20,CHI2023,1,ORL2023,3
139,2023-08-20,NYRB2023,1,DCU2023,0
140,2023-08-20,CLB2023,3,CIN2023,0
141,2023-08-20,TOR2023,2,MTL2023,2
142,2023-08-20,NYC2023,0,MIN2023,2
143,2023-07-15,POR2023,3,CLB2023,2
144,2023-07-15,SEA2023,0,FCD2023,1
145,2023-07-15,VAN2023,4,LAG2023,2
146,2023-07-15,COL2023,0,HOU2023,0
147,2023-07-15,RSL2023,3,NYRB2023,1
148,2023-07-15,ATX2023,2,SKC2023,1
149,2023-07-15,STL2023,3,MIA2023,0
150,2023-07-15,CIN2023,3,NSH2023,1
151,2023-07-15,CHI2023,1,TOR2023,0
152,2023-07-15,MIN2023,1,LAFC2023,1
153,2023-07-15,MTL2023,2,CLT2023,0
154,2023-07-15,ATL2023,1,ORL2023,2
155,2023-07-15,NER2023,3,DCU2023,0
156,2023-07-15,PHI2023,2,NYC2023,1
157,2023-07-12,LAFC2023,3,STL2023,0
158,2023-07-12,SJE2023,2,SEA2023,0
159,2023-07-12,VAN2023,2,ATX2023,1
160,2023-07-12,CHI2023,3,MTL2023,0
161,2023-07-12,COL2023,0,POR2023,0
162,2023-07-12,HOU2023,0,MIN2023,3
163,2023-07-12,SKC2023,2,RSL2023,2
164,2023-07-12,NSH2023,0,PHI2023,2
165,2023-07-12,NER2023,2,ATL2023,1
166,2023-07-12,NYRB2023,1,CIN2023,2
167,2023-07-08,LAFC2023,1,SJE2023,1
168,2023-07-08,LAG2023,2,PHI2023,1
169,2023-07-08,VAN2023,2,SEA2023,3
170,2023-07-08,RSL2023,4,ORL2023,0
171,2023-07-08,COL2023,2,FCD2023,1
172,2023-07-08,MIN2023,1,ATX2023,4
173,2023-07-08,CHI2023,1,NSH2023,0
174,2023-07-08,HOU2023,2,SKC2023,2
175,2023-07-08,CLT2023,2,CIN2023,2
176,2023-07-08,TOR2023,0,STL2023,1
177,2023-07-08,MTL2023,0,ATL2023,1
178,2023-07-08,CLB2023,1,NYC2023,1
179,2023-07-08,NYRB2023,2,NER2023,1
180,2023-07-08,DCU2023,2,MIA2023,2
181,2023-07-05,NYC2023,1,CLT2023,1
182,2023-07-04,LAG2023,2,LAFC2023,1
183,2023-07-04,FCD2023,0,DCU2023,1
184,2023-07-04,MIA2023,2,CLB2023,2
185,2023-07-04,ORL2023,4,TOR2023,0
186,2023-07-02,ATL2023,2,PHI2023,0
187,2023-07-01,SEA2023,1,HOU2023,0
188,2023-07-01,SJE2023,2,LAG2023,2
189,2023-07-01,MTL2023,0,NYC2023,1
190,2023-07-01,SKC2023,3,VAN2023,0
191,2023-07-01,NSH2023,2,DCU2023,0
192,2023-07-01,STL2023,2,COL2023,0
193,2023-07-01,MIN2023,3,POR2023,1
194,2023-07-01,FCD2023,2,LAFC2023,0
195,2023-07-01,CIN2023,2,NER2023,1
196,2023-07-01,ORL2023,3,CHI2023,1
197,2023-07-01,CLB2023,2,NYRB2023,1
198,2023-07-01,TOR2023,0,RSL2023,1
199,2023-07-01,MIA2023,1,ATX2023,1
200,2023-06-24,SJE2023,1,STL2023,2
201,2023-06-24,SEA2023,0,ORL2023,0
202,2023-06-24,LAFC2023,2,VAN2023,3
203,2023-06-24,POR2023,1,NYC2023,1
204,2023-06-24,ATX2023,3,HOU2023,0
205,2023-06-24,COL2023,0,LAG2023,0
206,2023-06-24,RSL2023,2,MIN2023,2
207,2023-06-24,SKC2023,0,CHI2023,1
208,2023-06-24,CLT2023,0,MTL2023,0
209,2023-06-24,NYRB2023,4,ATL2023,0
210,2023-06-24,DCU2023,3,CIN2023,0
211,2023-06-24,CLB2023,1,NSH2023,0
212,2023-06-24,NER2023,2,TOR2023,1
213,2023-06-24,PHI2023,3,MIA2023,1
214,2023-06-21,ATX2023,3,FCD2023,0
215,2023-06-21,LAFC2023,1,SEA2023,0
216,2023-06-21,POR2023,1,CHI2023,2
217,2023-06-21,LAG2023,2,SKC2023,2
218,2023-06-21,STL2023,1,RSL2023,3
219,2023-06-21,HOU2023,4,SJE2023,1
220,2023-06-21,CIN2023,3,TOR2023,0
221,2023-06-21,ATL2023,2,NYC2023,2
222,2023-06-21,NYRB2023,2,CLT2023,2
223,2023-06-21,MTL2023,1,NSH2023,0
224,2023-06-21,ORL2023,2,PHI2023,2
225,2023-06-17,SJE2023,0,POR2023,0
226,2023-06-17,SKC2023,1,LAFC2023,2
227,2023-06-17,NSH2023,3,STL2023,1
228,2023-06-17,DCU2023,1,RSL2023,2
229,2023-06-17,NER2023,3,ORL2023,1
230,2023-06-17,NYC2023,1,CLB2023,1
231,2023-06-14,LAFC2023,0,HOU2023,1
232,2023-06-11,POR2023,1,FCD2023,0
233,2023-06-11,STL2023,1,LAG2023,1
234,2023-06-10,VAN2023,1,CIN2023,1
235,2023-06-10,SJE2023,2,PHI2023,1
236,2023-06-10,RSL2023,0,NYC2023,0
237,2023-06-10,HOU2023,4,LAFC2023,0
238,2023-06-10,SKC2023,4,ATX2023,1
239,2023-06-10,CHI2023,1,CLB2023,2
240,2023-06-10,ORL2023,2,COL2023,0
241,2023-06-10,TOR2023,1,NSH2023,1
242,2023-06-10,ATL2023,3,DCU2023,1
243,2023-06-10,CLT2023,3,SEA2023,3
244,2023-06-10,NER2023,3,MIA2023,1
245,2023-06-10,MTL2023,4,MIN2023,0
246,2023-06-07,LAFC2023,0,ATL2023,0
247,2023-06-07,FCD2023,2,STL2023,0
248,2023-06-03,VAN2023,1,SKC2023,1
249,2023-06-03,COL2023,0,SJE2023,0
250,2023-06-03,STL2023,3,HOU2023,0
251,2023-06-03,ATX2023,1,RSL2023,2
252,2023-06-03,FCD2023,1,NSH2023,1
253,2023-06-03,MIN2023,1,TOR2023,1
254,2023-06-03,CLB2023,4,CLT2023,2
255,2023-06-03,PHI2023,3,MTL2023,0
256,2023-06-03,MIA2023,1,DCU2023,2
257,2023-06-03,NYRB2023,0,ORL2023,3
258,2023-06-03,CIN2023,1,CHI2023,0
259,2023-06-03,SEA2023,0,POR2023,0
260,2023-06-03,NYC2023,0,NER2023,0
261,2023-05-31,SEA2023,0,SJE2023,1
262,2023-05-31,VAN2023,6,HOU2023,2
263,2023-05-31,SKC2023,2,FCD2023,1
264,2023-05-31,RSL2023,2,LAG2023,3
265,2023-05-31,ATX2023,2,MIN2023,1
266,2023-05-31,MIA2023,0,NYRB2023,1
267,2023-05-31,NYC2023,1,CIN2023,3
268,2023-05-31,DCU2023,2,MTL2023,2
269,2023-05-31,TOR2023,0,CHI2023,0
270,2023-05-31,PHI2023,0,CLT2023,0
271,2023-05-31,CLB2023,3,COL2023,2
272,2023-05-31,ATL2023,3,NER2023,3
273,2023-05-28,NSH2023,3,CLB2023,1
274,2023-05-28,SKC2023,3,POR2023,1
275,2023-05-27,SEA2023,1,NYRB2023,0
276,2023-05-27,LAG2023,0,CLT2023,1
277,2023-05-27,SJE2023,1,FCD2023,1
278,2023-05-27,COL2023,0,CIN2023,1
279,2023-05-27,STL2023,2,VAN2023,1
280,2023-05-27,MIN2023,0,RSL2023,1
281,2023-05-27,HOU2023,2,ATX2023,1
282,2023-05-27,NER2023,3,CHI2023,2
283,2023-05-27,NYC2023,1,PHI2023,3
284,2023-05-27,TOR2023,2,DCU2023,1
285,2023-05-27,MTL2023,1,MIA2023,0
286,2023-05-27,ORL2023,1,ATL2023,1
287,2023-05-20,LAFC2023,2,SJE2023,1
288,2023-05-20,POR2023,0,MIN2023,1
289,2023-05-20,VAN2023,1,SEA2023,0
290,2023-05-20,COL2023,2,RSL2023,3
291,2023-05-20,STL2023,4,SKC2023,0
292,2023-05-20,ATX2023,1,TOR2023,0
293,2023-05-20,CHI2023,2,ATL2023,3
294,2023-05-20,FCD2023,1,HOU2023,1
295,2023-05-20,DCU2023,3,LAG2023,0
296,2023-05-20,CLT2023,1,NSH2023,2
297,2023-05-20,MIA2023,1,ORL2023,3
298,2023-05-20,CIN2023,3,CLB2023,2
299,2023-05-20,NYRB2023,2,MTL2023,1
300,2023-05-20,PHI2023,3,NER2023,0
301,2023-05-17,RSL2023,0,POR2023,0
302,2023-05-17,LAFC2023,1,SKC2023,1
303,2023-05-17,SEA2023,1,ATX2023,2
304,2023-05-17,MIN2023,1,HOU2023,0
305,2023-05-17,FCD2023,2,VAN2023,1
306,2023-05-17,NSH2023,2,MIA2023,1
307,2023-05-17,PHI2023,0,DCU2023,0
308,2023-05-17,CLT2023,2,CHI2023,1
309,2023-05-17,ATL2023,4,COL2023,0
310,2023-05-17,CLB2023,2,LAG2023,0
311,2023-05-17,CIN2023,2,MTL2023,0
312,2023-05-17,ORL2023,1,NYC2023,1
313,2023-05-17,TOR2023,0,NYRB2023,0
314,2023-05-14,LAG2023,2,SJE2023,1
315,2023-05-13,POR2023,3,VAN2023,0
316,2023-05-13,COL2023,1,PHI2023,2
317,2023-05-13,RSL2023,0,LAFC2023,3
318,2023-05-13,HOU2023,0,SEA2023,1
319,2023-05-13,SKC2023,3,MIN2023,0
320,2023-05-13,ATX2023,0,FCD2023,1
321,2023-05-13,MIA2023,2,NER2023,1
322,2023-05-13,CLB2023,2,ORL2023,2
323,2023-05-13,DCU2023,1,NSH2023,1
324,2023-05-13,NYRB2023,1,NYC2023,0
325,2023-05-13,MTL2023,2,TOR2023,0
326,2023-05-13,ATL2023,1,CLT2023,3
327,2023-05-13,CHI2023,1,STL2023,0
328,2023-05-07,SEA2023,1,SKC2023,2
329,2023-05-06,VAN2023,3,MIN2023,2
330,2023-05-06,LAG2023,1,COL2023,3
331,2023-05-06,POR2023,2,ATX2023,2
332,2023-05-06,HOU2023,0,RSL2023,0
333,2023-05-06,NSH2023,3,CHI2023,0
334,2023-05-06,CLT2023,2,NYC2023,2
335,2023-05-06,CIN2023,2,DCU2023,1
336,2023-05-06,MTL2023,1,ORL2023,0
337,2023-05-06,TOR2023,0,NER2023,2
338,2023-05-06,SJE2023,2,LAFC2023,1
339,2023-05-06,NYRB2023,0,PHI2023,1
340,2023-05-06,MIA2023,2,ATL2023,1
341,2023-04-30,MIN2023,0,FCD2023,0
342,2023-04-29,VAN2023,0,COL2023,0
343,2023-04-29,RSL2023,0,SEA2023,0
344,2023-04-29,SKC2023,0,MTL2023,2
345,2023-04-29,ATX2023,2,SJE2023,2
346,2023-04-29,STL2023,1,POR2023,2
347,2023-04-29,CHI2023,1,NYRB2023,1
348,2023-04-29,CLB2023,1,MIA2023,2
349,2023-04-29,TOR2023,1,NYC2023,0
350,2023-04-29,DCU2023,3,CLT2023,0
351,2023-04-29,NER2023,1,CIN2023,1
352,2023-04-29,ORL2023,2,LAG2023,0
353,2023-04-29,NSH2023,3,ATL2023,1
354,2023-04-23,ATL2023,1,CHI2023,1
355,2023-04-22,LAG2023,2,ATX2023,0
356,2023-04-22,SEA2023,1,MIN2023,0
357,2023-04-22,COL2023,1,STL2023,1
358,2023-04-22,RSL2023,3,SJE2023,1
359,2023-04-22,NSH2023,1,LAFC2023,1
360,2023-04-22,HOU2023,1,MIA2023,0
361,2023-04-22,CIN2023,2,POR2023,1
362,2023-04-22,ORL2023,1,DCU2023,3
363,2023-04-22,CLT2023,1,CLB2023,0
364,2023-04-22,NER2023,2,SKC2023,1
365,2023-04-22,MTL2023,1,NYRB2023,0
366,2023-04-22,NYC2023,3,FCD2023,1
367,2023-04-22,PHI2023,3,TOR2023,2
368,2023-04-16,LAG2023,2,LAFC2023,3
369,2023-04-15,STL2023,4,CIN2023,1
370,2023-04-15,POR2023,4,SEA2023,1
371,2023-04-15,SJE2023,3,SKC2023,0
372,2023-04-15,FCD2023,2,RSL2023,1
373,2023-04-15,ATX2023,0,VAN2023,0
374,2023-04-15,MIN2023,1,ORL2023,2
375,2023-04-15,CHI2023,1,PHI2023,2
376,2023-04-15,NYRB2023,1,HOU2023,1
377,2023-04-15,CLB2023,1,NER2023,0
378,2023-04-15,TOR2023,2,ATL2023,2
379,2023-04-15,NYC2023,2,NSH2023,1
380,2023-04-15,MTL2023,0,DCU2023,1
381,2023-04-15,CLT2023,2,COL2023,2
382,2023-04-08,SEA2023,2,STL2023,0
383,2023-04-08,VAN2023,1,POR2023,0
384,2023-04-08,RSL2023,3,CLT2023,1
385,2023-04-08,HOU2023,3,LAG2023,0
386,2023-04-08,SKC2023,0,COL2023,1
387,2023-04-08,CHI2023,2,MIN2023,1
388,2023-04-08,NSH2023,0,TOR2023,0
389,2023-04-08,NYC2023,1,ATL2023,1
390,2023-04-08,MIA2023,0,FCD2023,1
391,2023-04-08,CIN2023,1,PHI2023,0
392,2023-04-08,NER2023,4,MTL2023,0
393,2023-04-08,NYRB2023,1,SJE2023,1
394,2023-04-08,DCU2023,0,CLB2023,2
395,2023-04-08,LAFC2023,3,ATX2023,0
396,2023-04-01,VAN2023,5,MTL2023,0
397,2023-04-01,SJE2023,2,HOU2023,1
398,2023-04-01,COL2023,0,LAFC2023,0
399,2023-04-01,PHI2023,0,SKC2023,0
400,2023-04-01,FCD2023,1,POR2023,1
401,2023-04-01,CHI2023,0,DCU2023,0
402,2023-04-01,STL2023,0,MIN2023,1
403,2023-04-01,LAG2023,1,SEA2023,2
404,2023-04-01,ORL2023,0,NSH2023,2
405,2023-04-01,TOR2023,2,CLT2023,2
406,2023-04-01,CIN2023,1,MIA2023,0
407,2023-04-01,ATL2023,1,NYRB2023,0
408,2023-04-01,CLB2023,4,RSL2023,0
409,2023-04-01,NER2023,1,NYC2023,1
410,2023-03-25,SJE2023,0,TOR2023,0
411,2023-03-25,LAFC2023,2,FCD2023,1
412,2023-03-25,RSL2023,0,STL2023,4
413,2023-03-25,SKC2023,1,SEA2023,4
414,2023-03-25,ATX2023,1,COL2023,1
415,2023-03-25,MIN2023,1,VAN2023,1
416,2023-03-25,NSH2023,0,CIN2023,1
417,2023-03-25,HOU2023,1,NYC2023,0
418,2023-03-25,CLT2023,0,NYRB2023,1
419,2023-03-25,PHI2023,1,ORL2023,2
420,2023-03-25,DCU2023,1,NER2023,2
421,2023-03-25,CLB2023,6,ATL2023,1
422,2023-03-25,MIA2023,2,CHI2023,3
423,2023-03-25,POR2023,0,LAG2023,0
424,2023-03-18,LAG2023,1,VAN2023,1
425,2023-03-18,COL2023,1,MIN2023,2
426,2023-03-18,HOU2023,2,ATX2023,0
427,2023-03-18,CHI2023,3,CIN2023,3
428,2023-03-18,STL2023,3,SJE2023,0
429,2023-03-18,FCD2023,2,SKC2023,1
430,2023-03-18,ATL2023,5,POR2023,1
431,2023-03-18,NYC2023,3,DCU2023,2
432,2023-03-18,NYRB2023,2,CLB2023,1
433,2023-03-18,ORL2023,1,CLT2023,2
434,2023-03-18,NER2023,1,NSH2023,0
435,2023-03-18,TOR2023,2,MIA2023,0
436,2023-03-18,MTL2023,3,PHI2023,2
437,2023-03-18,SEA2023,0,LAFC2023,0
438,2023-03-12,LAFC2023,4,NER2023,0
439,2023-03-11,SJE2023,1,COL2023,0
440,2023-03-11,POR2023,1,STL2023,2
441,2023-03-11,RSL2023,1,ATX2023,2
442,2023-03-11,MIN2023,1,NYRB2023,1
443,2023-03-11,NSH2023,2,MTL2023,0
444,2023-03-11,SKC2023,0,LAG2023,0
445,2023-03-11,TOR2023,1,CLB2023,1
446,2023-03-11,DCU2023,1,ORL2023,1
447,2023-03-11,NYC2023,0,MIA2023,0
448,2023-03-11,PHI2023,1,CHI2023,0
449,2023-03-11,CIN2023,1,SEA2023,0
450,2023-03-11,VAN2023,0,FCD2023,1
451,2023-03-11,CLT2023,0,ATL2023,3
452,2023-03-04,SEA2023,2,RSL2023,0
453,2023-03-04,SJE2023,2,VAN2023,1
454,2023-03-04,COL2023,0,SKC2023,0
455,2023-03-04,ATX2023,1,MTL2023,0
456,2023-03-04,FCD2023,3,LAG2023,1
457,2023-03-04,CHI2023,1,NYC2023,1
458,2023-03-04,STL2023,2,CLT2023,1
459,2023-03-04,MIA2023,2,PHI2023,0
460,2023-03-04,ORL2023,0,CIN2023,0
461,2023-03-04,NYRB2023,0,NSH2023,0
462,2023-03-04,ATL2023,1,TOR2023,1
463,2023-03-04,CLB2023,2,DCU2023,0
464,2023-03-04,NER2023,3,HOU2023,0
465,2023-03-04,LAFC2023,3,POR2023,2
466,2023-02-27,POR2023,1,SKC2023,0
467,2023-02-26,SEA2023,4,COL2023,0
468,2023-02-25,VAN2023,1,RSL2023,2
469,2023-02-25,ATX2023,2,STL2023,3
470,2023-02-25,FCD2023,0,MIN2023,1
471,2023-02-25,CIN2023,2,HOU2023,1
472,2023-02-25,ORL2023,1,NYRB2023,0
473,2023-02-25,CLT2023,0,NER2023,1
474,2023-02-25,DCU2023,3,TOR2023,2
475,2023-02-25,PHI2023,4,CLB2023,0
476,2023-02-25,ATL2023,2,SJE2023,1
477,2023-02-25,MIA2023,2,MTL2023,0
478,2023-02-25,NSH2023,2,NYC2023,0
479,2022-10-09,ATX2022,1,COL2022,1
480,2022-10-09,HOU2022,1,LAG2022,3
481,2022-10-09,MIN2022,2,VAN2022,0
482,2022-10-09,SEA2022,2,SJE2022,2
483,2022-10-09,FCD2022,2,SKC2022,1
484,2022-10-09,RSL2022,3,POR2022,1
485,2022-10-09,LAFC2022,0,NSH2022,1
486,2022-10-09,ATL2022,1,NYC2022,2
487,2022-10-09,MIA2022,0,MTL2022,3
488,2022-10-09,NYRB2022,2,CLT2022,0
489,2022-10-09,PHI2022,4,TOR2022,0
490,2022-10-09,CHI2022,1,NER2022,1
491,2022-10-09,ORL2022,2,CLB2022,1
492,2022-10-09,DCU2022,2,CIN2022,5
493,2022-10-05,MIA2022,4,ORL2022,1
494,2022-10-05,CLT2022,2,CLB2022,2
495,2022-10-02,NSH2022,1,HOU2022,2
496,2022-10-02,SKC2022,1,SEA2022,0
497,2022-10-02,POR2022,1,LAFC2022,2
498,2022-10-02,NYC2022,2,ORL2022,1
499,2022-10-01,LAG2022,1,RSL2022,1
500,2022-10-01,VAN2022,2,ATX2022,0
501,2022-10-01,SJE2022,2,MIN2022,0
502,2022-10-01,CLB2022,2,NYRB2022,1
503,2022-10-01,MTL2022,0,DCU2022,0
504,2022-10-01,CIN2022,2,CHI2022,3
505,2022-10-01,CLT2022,4,PHI2022,0
506,2022-10-01,COL2022,1,FCD2022,0
507,2022-10-01,NER2022,2,ATL2022,1
508,2022-09-30,TOR2022,0,MIA2022,1
509,2022-09-27,SEA2022,1,CIN2022,1
510,2022-09-24,SJE2022,2,LAG2022,3
511,2022-09-18,LAFC2022,3,HOU2022,1
512,2022-09-18,DCU2022,2,MIA2022,3
513,2022-09-18,CLB2022,1,POR2022,1
514,2022-09-17,SJE2022,1,FCD2022,1
515,2022-09-17,LAG2022,4,COL2022,1
516,2022-09-17,VAN2022,2,SEA2022,1
517,2022-09-17,RSL2022,1,CIN2022,2
518,2022-09-17,ATX2022,1,NSH2022,1
519,2022-09-17,SKC2022,3,MIN2022,1
520,2022-09-17,CHI2022,2,CLT2022,3
521,2022-09-17,ORL2022,3,TOR2022,0
522,2022-09-17,NER2022,0,MTL2022,1
523,2022-09-17,ATL2022,0,PHI2022,0
524,2022-09-17,NYC2022,2,NYRB2022,0
525,2022-09-14,VAN2022,3,LAG2022,0
526,2022-09-14,COL2022,2,SJE2022,1
527,2022-09-14,ATX2022,3,RSL2022,0
528,2022-09-14,ORL2022,0,ATL2022,1
529,2022-09-13,HOU2022,3,NER2022,1
530,2022-09-13,SKC2022,3,DCU2022,0
531,2022-09-13,MIA2022,2,CLB2022,1
532,2022-09-13,MIN2022,1,LAFC2022,1
533,2022-09-13,MTL2022,3,CHI2022,2
534,2022-09-10,POR2022,1,MIN2022,0
535,2022-09-10,RSL2022,0,DCU2022,0
536,2022-09-10,COL2022,3,VAN2022,1
537,2022-09-10,FCD2022,2,LAFC2022,1
538,2022-09-10,HOU2022,0,SKC2022,0
539,2022-09-10,CHI2022,3,MIA2022,1
540,2022-09-10,SEA2022,2,ATX2022,0
541,2022-09-10,PHI2022,4,ORL2022,1
542,2022-09-10,ATL2022,4,TOR2022,2
543,2022-09-10,CIN2022,6,SJE2022,0
544,2022-09-10,NYRB2022,2,NER2022,1
545,2022-09-10,NSH2022,1,LAG2022,1
546,2022-09-10,CLT2022,1,NYC2022,0
547,2022-09-09,MTL2022,2,CLB2022,2
548,2022-09-07,NYC2022,1,CIN2022,0
549,2022-09-04,LAFC2022,2,RSL2022,0
550,2022-09-04,SJE2022,2,VAN2022,0
551,2022-09-04,SEA2022,2,HOU2022,1
552,2022-09-04,LAG2022,2,SKC2022,2
553,2022-09-04,NER2022,3,NYC2022,0
554,2022-09-04,DCU2022,0,COL2022,0
555,2022-09-04,TOR2022,3,MTL2022,4
556,2022-09-04,POR2022,2,ATL2022,1
557,2022-09-03,NSH2022,3,ATX2022,0
558,2022-09-03,CIN2022,2,CLT2022,0
559,2022-09-03,NYRB2022,0,PHI2022,2
560,2022-09-03,CLB2022,0,CHI2022,0
561,2022-09-03,MIN2022,0,FCD2022,2
562,2022-08-31,ATX2022,1,POR2022,2
563,2022-08-31,RSL2022,3,MIN2022,0
564,2022-08-31,ORL2022,3,SEA2022,2
565,2022-08-31,NSH2022,4,COL2022,1
566,2022-08-31,HOU2022,2,LAFC2022,1
567,2022-08-31,NYC2022,1,DCU2022,2
568,2022-08-31,NER2022,0,CHI2022,0
569,2022-08-31,CLB2022,1,MIA2022,0
570,2022-08-31,MTL2022,0,NYRB2022,1
571,2022-08-31,TOR2022,2,LAG2022,2
572,2022-08-31,PHI2022,4,ATL2022,1
573,2022-08-28,NER2022,1,LAG2022,2
574,2022-08-28,ORL2022,2,NYC2022,1
575,2022-08-28,ATL2022,3,DCU2022,2
576,2022-08-27,VAN2022,0,NSH2022,3
577,2022-08-27,FCD2022,1,RSL2022,1
578,2022-08-27,SKC2022,1,SJE2022,0
579,2022-08-27,CLT2022,0,TOR2022,2
580,2022-08-27,CHI2022,0,MTL2022,2
581,2022-08-27,PHI2022,6,COL2022,0
582,2022-08-27,CIN2022,2,CLB2022,2
583,2022-08-27,NYRB2022,3,MIA2022,1
584,2022-08-27,MIN2022,1,HOU2022,1
585,2022-08-26,POR2022,2,SEA2022,1
586,2022-08-26,ATX2022,4,LAFC2022,1
587,2022-08-21,NSH2022,4,FCD2022,0
588,2022-08-21,SKC2022,4,POR2022,1
589,2022-08-21,CLT2022,1,ORL2022,2
590,2022-08-21,CLB2022,2,ATL2022,2
591,2022-08-21,CHI2022,0,NYC2022,2
592,2022-08-20,RSL2022,1,VAN2022,1
593,2022-08-20,SJE2022,2,LAFC2022,1
594,2022-08-20,COL2022,1,HOU2022,1
595,2022-08-20,MIN2022,2,ATX2022,1
596,2022-08-20,MIA2022,2,TOR2022,1
597,2022-08-20,MTL2022,4,NER2022,0
598,2022-08-20,DCU2022,0,PHI2022,6
599,2022-08-20,NYRB2022,1,CIN2022,1
600,2022-08-19,LAG2022,3,SEA2022,3
601,2022-08-17,VAN2022,2,COL2022,1
602,2022-08-17,FCD2022,1,PHI2022,0
603,2022-08-17,NYC2022,1,CLT2022,3
604,2022-08-17,TOR2022,2,NER2022,2
605,2022-08-17,ATL2022,1,NYRB2022,2
606,2022-08-16,LAFC2022,1,DCU2022,0
607,2022-08-14,SEA2022,1,RSL2022,2
608,2022-08-14,NSH2022,1,MIN2022,2
609,2022-08-13,LAFC2022,4,CLT2022,0
610,2022-08-13,LAG2022,5,VAN2022,2
611,2022-08-13,COL2022,1,CLB2022,1
612,2022-08-13,HOU2022,2,MTL2022,3
613,2022-08-13,ATX2022,4,SKC2022,3
614,2022-08-13,FCD2022,4,SJE2022,1
615,2022-08-13,MIA2022,3,NYC2022,2
616,2022-08-13,NER2022,1,DCU2022,0
617,2022-08-13,TOR2022,3,POR2022,1
618,2022-08-13,CIN2022,2,ATL2022,2
619,2022-08-13,PHI2022,4,CHI2022,1
620,2022-08-13,NYRB2022,0,ORL2022,1
621,2022-08-06,POR2022,1,FCD2022,0
622,2022-08-06,RSL2022,1,LAFC2022,4
623,2022-08-06,ATX2022,3,SJE2022,3
624,2022-08-06,COL2022,4,MIN2022,3
625,2022-08-06,SKC2022,4,LAG2022,2
626,2022-08-06,NSH2022,3,TOR2022,4
627,2022-08-06,MTL2022,2,MIA2022,2
628,2022-08-06,DCU2022,0,NYRB2022,0
629,2022-08-06,ORL2022,0,NER2022,3
630,2022-08-06,CIN2022,3,PHI2022,1
631,2022-08-06,CLB2022,3,NYC2022,1
632,2022-08-06,CLT2022,2,CHI2022,3
633,2022-08-06,ATL2022,2,SEA2022,1
634,2022-08-05,VAN2022,2,HOU2022,1
635,2022-08-03,POR2022,1,NSH2022,1
636,2022-08-03,SJE2022,0,MIA2022,1
637,2022-08-03,CLB2022,1,MTL2022,2
638,2022-08-03,CLT2022,2,DCU2022,0
639,2022-08-02,SEA2022,1,FCD2022,0
640,2022-08-02,NYRB2022,4,COL2022,5
641,2022-07-31,DCU2022,2,ORL2022,1
642,2022-07-30,SJE2022,2,RSL2022,2
643,2022-07-30,FCD2022,1,LAG2022,0
644,2022-07-30,SKC2022,0,ATX2022,2
645,2022-07-30,MIA2022,4,CIN2022,4
646,2022-07-30,NSH2022,1,VAN2022,1
647,2022-07-30,NER2022,0,TOR2022,0
648,2022-07-30,MTL2022,0,NYC2022,0
649,2022-07-30,PHI2022,6,HOU2022,0
650,2022-07-30,CHI2022,0,ATL2022,0
651,2022-07-30,MIN2022,4,POR2022,3
652,2022-07-29,LAFC2022,2,SEA2022,0
653,2022-07-24,LAG2022,2,ATL2022,0
654,2022-07-24,ATX2022,3,NYRB2022,4
655,2022-07-23,POR2022,2,SJE2022,1
656,2022-07-23,RSL2022,0,FCD2022,1
657,2022-07-23,VAN2022,1,CHI2022,3
658,2022-07-23,SEA2022,2,COL2022,1
659,2022-07-23,SKC2022,0,LAFC2022,2
660,2022-07-23,HOU2022,1,MIN2022,2
661,2022-07-23,DCU2022,1,MTL2022,2
662,2022-07-23,CIN2022,1,NSH2022,1
663,2022-07-23,CLB2022,0,NER2022,0
664,2022-07-23,ORL2022,0,PHI2022,1
665,2022-07-23,TOR2022,4,CLT2022,0
666,2022-07-23,NYC2022,2,MIA2022,0
667,2022-07-17,POR2022,1,VAN2022,1
668,2022-07-17,RSL2022,3,SKC2022,0
669,2022-07-17,SJE2022,1,HOU2022,2
670,2022-07-17,NSH2022,1,LAFC2022,2
671,2022-07-17,CLB2022,2,CIN2022,0
672,2022-07-17,NYRB2022,0,NYC2022,1
673,2022-07-17,ATL2022,1,ORL2022,1
674,2022-07-16,MIA2022,3,CLT2022,2
675,2022-07-16,COL2022,2,LAG2022,0
676,2022-07-16,FCD2022,1,ATX2022,1
677,2022-07-16,CHI2022,1,SEA2022,0
678,2022-07-16,MIN2022,2,DCU2022,0
679,2022-07-16,MTL2022,0,TOR2022,0
680,2022-07-16,PHI2022,2,NER2022,1
681,2022-07-13,LAG2022,2,SJE2022,3
682,2022-07-13,FCD2022,0,NYC2022,1
683,2022-07-13,COL2022,1,ORL2022,1
684,2022-07-13,NSH2022,1,SEA2022,0
685,2022-07-13,CHI2022,2,TOR2022,0
686,2022-07-13,DCU2022,2,CLB2022,2
687,2022-07-13,MIA2022,1,PHI2022,2
688,2022-07-13,MIN2022,0,SKC2022,1
689,2022-07-13,CIN2022,2,VAN2022,2
690,2022-07-13,ATL2022,2,RSL2022,1
691,2022-07-12,ATX2022,3,HOU2022,1
692,2022-07-09,ORL2022,0,MIA2022,0
693,2022-07-09,RSL2022,2,COL2022,2
694,2022-07-09,HOU2022,2,FCD2022,2
695,2022-07-09,CHI2022,2,CLB2022,3
696,2022-07-09,TOR2022,2,SJE2022,2
697,2022-07-09,MTL2022,1,SKC2022,2
698,2022-07-09,CIN2022,1,NYRB2022,1
699,2022-07-09,ATL2022,0,ATX2022,3
700,2022-07-09,CLT2022,4,NSH2022,1
701,2022-07-09,SEA2022,0,POR2022,3
702,2022-07-09,NYC2022,4,NER2022,2
703,2022-07-08,VAN2022,1,MIN2022,3
704,2022-07-08,LAFC2022,3,LAG2022,2
705,2022-07-08,PHI2022,7,DCU2022,0
706,2022-07-04,LAG2022,4,MTL2022,0
707,2022-07-04,COL2022,2,ATX2022,3
708,2022-07-04,FCD2022,1,MIA2022,1
709,2022-07-04,ORL2022,3,DCU2022,5
710,2022-07-03,SJE2022,2,CHI2022,1
711,2022-07-03,NSH2022,2,POR2022,2
712,2022-07-03,HOU2022,1,CLT2022,1
713,2022-07-03,MIN2022,3,RSL2022,2
714,2022-07-03,SKC2022,0,NYRB2022,1
715,2022-07-03,CLB2022,0,PHI2022,0
716,2022-07-03,NER2022,2,CIN2022,1
717,2022-07-03,NYC2022,2,ATL2022,2
718,2022-07-02,VAN2022,1,LAFC2022,0
719,2022-07-02,TOR2022,0,SEA2022,2
720,2022-06-30,NYRB2022,2,ATL2022,1
721,2022-06-30,CLT2022,0,ATX2022,1
722,2022-06-29,LAFC2022,3,FCD2022,1
723,2022-06-29,LAG2022,2,MIN2022,3
724,2022-06-29,POR2022,2,HOU2022,1
725,2022-06-29,SEA2022,1,MTL2022,2
726,2022-06-29,CHI2022,1,PHI2022,0
727,2022-06-29,CIN2022,4,NYC2022,4
728,2022-06-29,TOR2022,1,CLB2022,2
729,2022-06-26,VAN2022,0,NER2022,0
730,2022-06-26,PHI2022,2,NYC2022,1
731,2022-06-26,LAFC2022,2,NYRB2022,0
732,2022-06-25,POR2022,3,COL2022,0
733,2022-06-25,RSL2022,0,CLB2022,0
734,2022-06-25,ATX2022,2,FCD2022,2
735,2022-06-25,MIA2022,2,MIN2022,1
736,2022-06-25,HOU2022,2,CHI2022,0
737,2022-06-25,TOR2022,2,ATL2022,1
738,2022-06-25,MTL2022,2,CLT2022,1
739,2022-06-25,DCU2022,1,NSH2022,3
740,2022-06-25,SEA2022,3,SKC2022,0
741,2022-06-24,CIN2022,1,ORL2022,0
742,2022-06-19,NSH2022,1,SKC2022,2
743,2022-06-19,NYC2022,1,COL2022,1
744,2022-06-19,NER2022,2,MIN2022,1
745,2022-06-19,ATL2022,2,MIA2022,0
746,2022-06-18,RSL2022,2,SJE2022,0
747,2022-06-18,FCD2022,0,VAN2022,2
748,2022-06-18,CHI2022,1,DCU2022,0
749,2022-06-18,CLB2022,1,CLT2022,1
750,2022-06-18,MTL2022,0,ATX2022,1
751,2022-06-18,ORL2022,2,HOU2022,1
752,2022-06-18,PHI2022,1,CIN2022,1
753,2022-06-18,NYRB2022,2,TOR2022,0
754,2022-06-18,LAG2022,1,POR2022,1
755,2022-06-18,SEA2022,1,LAFC2022,1
756,2022-06-15,NER2022,1,ORL2022,1
757,2022-06-14,SEA2022,4,VAN2022,0
758,2022-06-12,SKC2022,1,NER2022,2
759,2022-06-11,NSH2022,0,SJE2022,0
760,2022-06-11,CLT2022,2,NYRB2022,0
761,2022-06-04,VAN2022,2,RSL2022,1
762,2022-05-29,SEA2022,2,CLT2022,1
763,2022-05-29,LAG2022,4,ATX2022,1
764,2022-05-28,RSL2022,3,HOU2022,0
765,2022-05-28,SKC2022,0,VAN2022,1
766,2022-05-28,COL2022,1,NSH2022,3
767,2022-05-28,MIA2022,2,POR2022,1
768,2022-05-28,MIN2022,0,NYC2022,1
769,2022-05-28,NER2022,1,PHI2022,1
770,2022-05-28,ORL2022,1,FCD2022,3
771,2022-05-28,MTL2022,4,CIN2022,3
772,2022-05-28,ATL2022,1,CLB2022,2
773,2022-05-28,NYRB2022,3,DCU2022,1
774,2022-05-28,TOR2022,3,CHI2022,2
775,2022-05-28,LAFC2022,3,SJE2022,2
776,2022-05-22,POR2022,0,PHI2022,2
777,2022-05-22,ATX2022,2,ORL2022,2
778,2022-05-22,COL2022,1,SEA2022,0
779,2022-05-22,LAG2022,0,HOU2022,3
780,2022-05-22,SJE2022,1,SKC2022,1
781,2022-05-22,FCD2022,1,MIN2022,2
782,2022-05-22,MIA2022,2,NYRB2022,0
783,2022-05-22,CLT2022,2,VAN2022,1
784,2022-05-22,NYC2022,1,CHI2022,0
785,2022-05-22,MTL2022,1,RSL2022,2
786,2022-05-21,NSH2022,2,ATL2022,2
787,2022-05-21,CIN2022,2,NER2022,3
788,2022-05-21,CLB2022,0,LAFC2022,2
789,2022-05-21,DCU2022,2,TOR2022,2
790,2022-05-18,SJE2022,3,POR2022,2
791,2022-05-18,LAFC2022,1,ATX2022,2
792,2022-05-18,VAN2022,2,FCD2022,1
793,2022-05-18,SKC2022,2,COL2022,1
794,2022-05-18,NSH2022,2,MTL2022,1
795,2022-05-18,HOU2022,0,SEA2022,1
796,2022-05-18,MIN2022,1,LAG2022,1
797,2022-05-18,PHI2022,0,MIA2022,0
798,2022-05-18,DCU2022,0,NYC2022,2
799,2022-05-18,NYRB2022,3,CHI2022,3
800,2022-05-15,SEA2022,3,MIN2022,1
801,2022-05-15,ATL2022,2,NER2022,2
802,2022-05-14,LAG2022,1,FCD2022,3
803,2022-05-14,POR2022,7,SKC2022,2
804,2022-05-14,RSL2022,2,ATX2022,1
805,2022-05-14,MIA2022,2,DCU2022,2
806,2022-05-14,HOU2022,2,NSH2022,0
807,2022-05-14,CHI2022,1,CIN2022,1
808,2022-05-14,PHI2022,1,NYRB2022,1
809,2022-05-14,NYC2022,2,CLB2022,0
810,2022-05-14,CLT2022,0,MTL2022,2
811,2022-05-14,VAN2022,3,SJE2022,3
812,2022-05-14,COL2022,2,LAFC2022,0
813,2022-05-14,TOR2022,0,ORL2022,1
814,2022-05-08,ATX2022,0,LAG2022,1
815,2022-05-08,NSH2022,2,RSL2022,0
816,2022-05-08,VAN2022,1,TOR2022,0
817,2022-05-07,LAFC2022,2,PHI2022,2
818,2022-05-07,SJE2022,1,COL2022,0
819,2022-05-07,FCD2022,2,SEA2022,0
820,2022-05-07,MIN2022,0,CIN2022,1
821,2022-05-07,NER2022,2,CLB2022,2
822,2022-05-07,DCU2022,2,HOU2022,0
823,2022-05-07,NYRB2022,1,POR2022,1
824,2022-05-07,NYC2022,0,SKC2022,0
825,2022-05-07,ATL2022,4,CHI2022,1
826,2022-05-07,MTL2022,4,ORL2022,1
827,2022-05-07,CLT2022,1,MIA2022,0
828,2022-05-04,CIN2022,2,TOR2022,0
829,2022-05-01,LAFC2022,2,MIN2022,0
830,2022-05-01,NSH2022,1,PHI2022,1
831,2022-05-01,NYC2022,3,SJE2022,0
832,2022-04-30,COL2022,2,POR2022,0
833,2022-04-30,SKC2022,2,FCD2022,2
834,2022-04-30,CHI2022,1,NYRB2022,2
835,2022-04-30,ORL2022,2,CLT2022,1
836,2022-04-30,NER2022,2,MIA2022,0
837,2022-04-30,CLB2022,3,DCU2022,0
838,2022-04-30,MTL2022,2,ATL2022,1
839,2022-04-30,RSL2022,1,LAG2022,0
840,2022-04-30,TOR2022,1,CIN2022,2
841,2022-04-30,HOU2022,1,ATX2022,2
842,2022-04-24,CIN2022,1,LAFC2022,2
843,2022-04-24,NYC2022,5,TOR2022,4
844,2022-04-24,ORL2022,0,NYRB2022,3
845,2022-04-24,MIA2022,2,ATL2022,1
846,2022-04-23,LAG2022,1,NSH2022,0
847,2022-04-23,SJE2022,4,SEA2022,3
848,2022-04-23,POR2022,0,RSL2022,0
849,2022-04-23,COL2022,0,CLT2022,0
850,2022-04-23,SKC2022,0,CLB2022,0
851,2022-04-23,ATX2022,3,VAN2022,0
852,2022-04-23,DCU2022,3,NER2022,2
853,2022-04-23,MIN2022,3,CHI2022,0
854,2022-04-23,PHI2022,1,MTL2022,1
855,2022-04-23,FCD2022,2,HOU2022,1
856,2022-04-17,LAFC2022,3,SKC2022,0
857,2022-04-17,NYC2022,6,RSL2022,0
858,2022-04-16,SEA2022,0,MIA2022,1
859,2022-04-16,DCU2022,2,ATX2022,3
860,2022-04-16,MIN2022,3,COL2022,1
861,2022-04-16,CHI2022,0,LAG2022,0
862,2022-04-16,NER2022,2,CLT2022,1
863,2022-04-16,CLB2022,0,ORL2022,2
864,2022-04-16,TOR2022,2,PHI2022,1
865,2022-04-16,NYRB2022,0,FCD2022,0
866,2022-04-16,ATL2022,0,CIN2022,0
867,2022-04-16,HOU2022,0,POR2022,0
868,2022-04-16,SJE2022,2,NSH2022,2
869,2022-04-16,MTL2022,2,VAN2022,1
870,2022-04-10,ATX2022,1,MIN2022,0
871,2022-04-10,CLT2022,1,ATL2022,0
872,2022-04-09,VAN2022,2,POR2022,3
873,2022-04-09,FCD2022,3,COL2022,1
874,2022-04-09,SKC2022,1,NSH2022,2
875,2022-04-09,HOU2022,4,SJE2022,3
876,2022-04-09,RSL2022,2,TOR2022,2
877,2022-04-09,LAG2022,2,LAFC2022,1
878,2022-04-09,PHI2022,0,CLB2022,0
879,2022-04-09,NYRB2022,1,MTL2022,2
880,2022-04-09,MIA2022,3,NER2022,2
881,2022-04-09,ORL2022,1,CHI2022,0
882,2022-04-03,POR2022,1,LAG2022,2
883,2022-04-02,MIA2022,1,HOU2022,3
884,2022-04-02,COL2022,1,RSL2022,1
885,2022-04-02,MIN2022,1,SEA2022,1
886,2022-04-02,VAN2022,1,SKC2022,0
887,2022-04-02,DCU2022,0,ATL2022,1
888,2022-04-02,SJE2022,2,ATX2022,2
889,2022-04-02,ORL2022,2,LAFC2022,4
890,2022-04-02,NER2022,0,NYRB2022,0
891,2022-04-02,PHI2022,2,CLT2022,0
892,2022-04-02,CLB2022,0,NSH2022,1
893,2022-04-02,CIN2022,2,MTL2022,4
894,2022-04-02,TOR2022,1,NYC2022,1
895,2022-04-02,CHI2022,0,FCD2022,0
896,2022-03-27,POR2022,1,ORL2022,1
897,2022-03-26,SKC2022,1,RSL2022,0
898,2022-03-26,CLT2022,2,CIN2022,0
899,2022-03-20,LAFC2022,3,VAN2022,1
900,2022-03-20,ATX2022,1,SEA2022,1
901,2022-03-20,NYRB2022,1,CLB2022,1
902,2022-03-19,RSL2022,2,NSH2022,1
903,2022-03-19,HOU2022,1,COL2022,1
904,2022-03-19,FCD2022,4,POR2022,1
905,2022-03-19,MIN2022,1,SJE2022,0
906,2022-03-19,CLT2022,3,NER2022,1
907,2022-03-19,CHI2022,3,SKC2022,1
908,2022-03-19,ATL2022,3,MTL2022,3
909,2022-03-19,LAG2022,0,ORL2022,1
910,2022-03-19,TOR2022,2,DCU2022,1
911,2022-03-19,NYC2022,0,PHI2022,2
912,2022-03-19,CIN2022,3,MIA2022,1
913,2022-03-13,NYRB2022,0,MIN2022,1
914,2022-03-13,ATL2022,2,CLT2022,1
915,2022-03-12,POR2022,1,ATX2022,0
916,2022-03-12,COL2022,2,SKC2022,0
917,2022-03-12,FCD2022,2,NSH2022,0
918,2022-03-12,NER2022,2,RSL2022,3
919,2022-03-12,ORL2022,1,CIN2022,2
920,2022-03-12,PHI2022,2,SJE2022,0
921,2022-03-12,DCU2022,0,CHI2022,2
922,2022-03-12,HOU2022,2,VAN2022,1
923,2022-03-12,SEA2022,3,LAG2022,2
924,2022-03-12,MIA2022,0,LAFC2022,2
925,2022-03-12,CLB2022,2,TOR2022,1
926,2022-03-12,NYC2022,4,MTL2022,1
927,2022-03-06,LAFC2022,1,POR2022,1
928,2022-03-06,ATX2022,5,MIA2022,1
929,2022-03-05,CLT2022,0,LAG2022,1
930,2022-03-05,MIN2022,1,NSH2022,1
931,2022-03-05,RSL2022,1,SEA2022,0
932,2022-03-05,VAN2022,0,NYC2022,0
933,2022-03-05,COL2022,3,ATL2022,0
934,2022-03-05,CIN2022,0,DCU2022,1
935,2022-03-05,CHI2022,0,ORL2022,0
936,2022-03-05,SJE2022,3,CLB2022,3
937,2022-03-05,MTL2022,1,PHI2022,2
938,2022-03-05,SKC2022,1,HOU2022,0
939,2022-03-05,TOR2022,1,NYRB2022,4
940,2022-03-05,NER2022,1,FCD2022,0
941,2022-02-27,SEA2022,0,NSH2022,1
942,2022-02-27,HOU2022,0,RSL2022,0
943,2022-02-27,LAG2022,1,NYC2022,0
944,2022-02-27,ATL2022,3,SKC2022,1
945,2022-02-27,ORL2022,2,MTL2022,0
946,2022-02-26,POR2022,2,NER2022,2
947,2022-02-26,SJE2022,1,NYRB2022,3
948,2022-02-26,ATX2022,4,CIN2022,0
949,2022-02-26,MIA2022,0,CHI2022,0
950,2022-02-26,DCU2022,3,CLT2022,0
951,2022-02-26,FCD2022,1,TOR2022,1
952,2022-02-26,LAFC2022,3,COL2022,0
953,2022-02-26,CLB2022,4,VAN2022,0
954,2022-02-26,PHI2022,1,MIN2022,1
955,2021-11-07,LAG2021,3,MIN2021,2
956,2021-11-07,POR2021,3,ATX2021,0
957,2021-11-07,COL2021,5,LAFC2021,2
958,2021-11-07,VAN2021,1,SEA2021,1
959,2021-11-07,SJE2021,1,FCD2021,1
960,2021-11-07,SKC2021,0,RSL2021,1
961,2021-11-07,NYC2021,1,PHI2021,1
962,2021-11-07,TOR2021,1,DCU2021,3
963,2021-11-07,CIN2021,1,ATL2021,2
964,2021-11-07,NSH2021,1,NYRB2021,1
965,2021-11-07,MTL2021,0,ORL2021,2
966,2021-11-07,CLB2021,2,CHI2021,0
967,2021-11-07,NER2021,0,MIA2021,1
968,2021-11-03,RSL2021,1,POR2021,2
969,2021-11-03,ATX2021,3,SKC2021,1
970,2021-11-03,NYRB2021,0,ATL2021,0
971,2021-11-03,MTL2021,2,HOU2021,0
972,2021-11-02,LAFC2021,1,VAN2021,1
973,2021-11-01,SEA2021,1,LAG2021,1
974,2021-10-31,PHI2021,2,CIN2021,0
975,2021-10-31,ORL2021,1,NSH2021,1
976,2021-10-31,HOU2021,0,COL2021,1
977,2021-10-31,MIN2021,2,SKC2021,1
978,2021-10-30,FCD2021,2,ATX2021,1
979,2021-10-30,DCU2021,1,CLB2021,3
980,2021-10-30,ATL2021,1,TOR2021,1
981,2021-10-30,NYRB2021,1,MTL2021,0
982,2021-10-30,RSL2021,3,SJE2021,4
983,2021-10-30,MIA2021,1,NYC2021,3
984,2021-10-27,POR2021,2,SJE2021,0
985,2021-10-27,VAN2021,1,MIN2021,1
986,2021-10-27,SKC2021,2,LAG2021,0
987,2021-10-27,FCD2021,1,RSL2021,2
988,2021-10-27,DCU2021,1,NYRB2021,0
989,2021-10-27,NYC2021,1,CHI2021,0
990,2021-10-27,TOR2021,1,PHI2021,2
991,2021-10-27,CLB2021,3,ORL2021,2
992,2021-10-27,ATL2021,2,MIA2021,1
993,2021-10-27,CIN2021,2,NSH2021,6
994,2021-10-27,NER2021,1,COL2021,0
995,2021-10-26,LAFC2021,3,SEA2021,0
996,2021-10-24,ORL2021,2,NER2021,2
997,2021-10-24,ATX2021,1,HOU2021,0
998,2021-10-23,SJE2021,1,VAN2021,1
999,2021-10-23,LAG2021,2,FCD2021,2
1000,2021-10-23,COL2021,2,POR2021,0
1001,2021-10-23,MIA2021,5,CIN2021,1
1002,2021-10-23,CHI2021,1,RSL2021,0
1003,2021-10-23,MIN2021,1,LAFC2021,1
1004,2021-10-23,NYC2021,6,DCU2021,0
1005,2021-10-23,TOR2021,1,MTL2021,1
1006,2021-10-23,PHI2021,1,NSH2021,0
1007,2021-10-23,CLB2021,1,NYRB2021,2
1008,2021-10-23,SEA2021,1,SKC2021,2
1009,2021-10-20,SJE2021,4,ATX2021,0
1010,2021-10-20,POR2021,2,VAN2021,3
1011,2021-10-20,COL2021,1,SEA2021,1
1012,2021-10-20,HOU2021,0,LAG2021,2
1013,2021-10-20,NSH2021,1,CLB2021,1
1014,2021-10-20,FCD2021,2,LAFC2021,3
1015,2021-10-20,MIN2021,3,PHI2021,2
1016,2021-10-20,CIN2021,3,CHI2021,4
1017,2021-10-20,DCU2021,2,NER2021,3
1018,2021-10-20,MIA2021,2,TOR2021,0
1019,2021-10-20,ORL2021,1,MTL2021,1
1020,2021-10-20,ATL2021,1,NYC2021,1
1021,2021-10-17,VAN2021,2,SKC2021,1
1022,2021-10-17,NYRB2021,1,NYC2021,0
1023,2021-10-16,LAG2021,2,POR2021,1
1024,2021-10-16,RSL2021,3,COL2021,1
1025,2021-10-16,ATX2021,0,MIN2021,1
1026,2021-10-16,HOU2021,2,SEA2021,1
1027,2021-10-16,CIN2021,0,ORL2021,1
1028,2021-10-16,DCU2021,0,NSH2021,0
1029,2021-10-16,TOR2021,0,ATL2021,2
1030,2021-10-16,NER2021,2,CHI2021,2
1031,2021-10-16,CLB2021,3,MIA2021,0
1032,2021-10-16,LAFC2021,3,SJE2021,1
1033,2021-10-16,MTL2021,2,PHI2021,1
1034,2021-10-10,MIN2021,1,COL2021,3
1035,2021-10-09,SEA2021,4,VAN2021,1
1036,2021-10-09,CIN2021,1,PHI2021,2
1037,2021-10-09,NYRB2021,1,MIA2021,0
1038,2021-10-03,SEA2021,3,COL2021,0
1039,2021-10-03,LAG2021,1,LAFC2021,1
1040,2021-10-03,POR2021,1,MIA2021,0
1041,2021-10-03,SKC2021,4,HOU2021,2
1042,2021-10-03,TOR2021,3,CHI2021,1
1043,2021-10-03,PHI2021,3,CLB2021,0
1044,2021-10-03,NYC2021,0,NSH2021,0
1045,2021-10-02,VAN2021,3,SJE2021,0
1046,2021-10-02,FCD2021,0,MIN2021,0
1047,2021-10-02,CIN2021,0,NYRB2021,1
1048,2021-10-02,ORL2021,2,DCU2021,1
1049,2021-10-02,MTL2021,2,ATL2021,1
1050,2021-10-02,ATX2021,2,RSL2021,1
1051,2021-09-29,SJE2021,0,SEA2021,3
1052,2021-09-29,LAFC2021,1,POR2021,2
1053,2021-09-29,RSL2021,2,LAG2021,1
1054,2021-09-29,COL2021,3,ATX2021,0
1055,2021-09-29,HOU2021,0,VAN2021,0
1056,2021-09-29,NSH2021,2,ORL2021,1
1057,2021-09-29,CHI2021,2,NYC2021,0
1058,2021-09-29,FCD2021,1,SKC2021,3
1059,2021-09-29,MTL2021,1,NER2021,3
1060,2021-09-29,NYRB2021,1,PHI2021,1
1061,2021-09-29,DCU2021,3,MIN2021,1
1062,2021-09-29,ATL2021,1,MIA2021,0
1063,2021-09-29,TOR2021,3,CIN2021,2
1064,2021-09-26,ATX2021,2,LAG2021,0
1065,2021-09-26,SKC2021,1,SEA2021,2
1066,2021-09-26,CHI2021,0,NSH2021,0
1067,2021-09-25,POR2021,6,RSL2021,1
1068,2021-09-25,SJE2021,2,LAFC2021,0
1069,2021-09-25,VAN2021,1,FCD2021,0
1070,2021-09-25,NYC2021,0,NYRB2021,1
1071,2021-09-25,COL2021,0,TOR2021,0
1072,2021-09-25,MIN2021,2,HOU2021,0
1073,2021-09-25,CLB2021,2,MTL2021,1
1074,2021-09-25,DCU2021,4,CIN2021,2
1075,2021-09-25,NER2021,1,ORL2021,1
1076,2021-09-25,PHI2021,1,ATL2021,0
1077,2021-09-22,CHI2021,2,NER2021,3
1078,2021-09-22,NYRB2021,1,NYC2021,1
1079,2021-09-22,MIA2021,1,NSH2021,5
1080,2021-09-19,COL2021,1,VAN2021,1
1081,2021-09-19,POR2021,2,LAFC2021,1
1082,2021-09-19,PHI2021,3,ORL2021,1
1083,2021-09-19,MTL2021,1,CHI2021,0
1084,2021-09-18,RSL2021,1,SEA2021,0
1085,2021-09-18,HOU2021,3,FCD2021,2
1086,2021-09-18,ATX2021,3,SJE2021,4
1087,2021-09-18,MIN2021,3,LAG2021,0
1088,2021-09-18,CIN2021,1,NYC2021,2
1089,2021-09-18,TOR2021,2,NSH2021,1
1090,2021-09-18,NER2021,1,CLB2021,1
1091,2021-09-18,ATL2021,3,DCU2021,2
1092,2021-09-17,MIA2021,0,NYRB2021,4
1093,2021-09-15,LAG2021,1,HOU2021,1
1094,2021-09-15,SJE2021,3,RSL2021,4
1095,2021-09-15,POR2021,2,COL2021,2
1096,2021-09-15,ATX2021,1,LAFC2021,2
1097,2021-09-15,SKC2021,4,MIN2021,0
1098,2021-09-15,DCU2021,3,CHI2021,0
1099,2021-09-15,ORL2021,2,MTL2021,4
1100,2021-09-15,ATL2021,4,CIN2021,0
1101,2021-09-14,TOR2021,0,MIA2021,1
1102,2021-09-14,CLB2021,2,NYRB2021,1
1103,2021-09-14,NYC2021,3,FCD2021,3
1104,2021-09-12,LAFC2021,2,RSL2021,2
1105,2021-09-11,SKC2021,2,CHI2021,0
1106,2021-09-11,FCD2021,1,SJE2021,1
1107,2021-09-11,HOU2021,3,ATX2021,0
1108,2021-09-11,MIA2021,1,CLB2021,0
1109,2021-09-11,MTL2021,0,NSH2021,1
1110,2021-09-11,CIN2021,2,TOR2021,0
1111,2021-09-11,NYRB2021,1,DCU2021,1
1112,2021-09-11,NER2021,2,NYC2021,1
1113,2021-09-11,SEA2021,1,MIN2021,0
1114,2021-09-11,COL2021,1,LAG2021,1
1115,2021-09-10,VAN2021,0,POR2021,0
1116,2021-09-10,ATL2021,2,ORL2021,0
1117,2021-09-04,SJE2021,0,COL2021,1
1118,2021-09-04,CIN2021,0,MIA2021,1
1119,2021-09-04,RSL2021,3,FCD2021,2
1120,2021-09-04,ORL2021,3,CLB2021,1
1121,2021-09-04,VAN2021,2,ATX2021,1
1122,2021-09-03,LAFC2021,4,SKC2021,0
1123,2021-09-03,HOU2021,0,POR2021,2
1124,2021-09-03,NSH2021,2,NYC2021,1
1125,2021-09-03,PHI2021,0,NER2021,1
1126,2021-08-29,SEA2021,0,POR2021,2
1127,2021-08-29,VAN2021,3,RSL2021,1
1128,2021-08-29,ATX2021,3,FCD2021,5
1129,2021-08-28,HOU2021,1,MIN2021,2
1130,2021-08-28,SKC2021,1,COL2021,1
1131,2021-08-28,DCU2021,3,PHI2021,0
1132,2021-08-28,NYC2021,2,NER2021,0
1133,2021-08-28,LAFC2021,3,LAG2021,3
1134,2021-08-28,NYRB2021,0,CHI2021,1
1135,2021-08-28,ATL2021,0,NSH2021,2
1136,2021-08-27,ORL2021,0,MIA2021,0
1137,2021-08-27,MTL2021,3,TOR2021,1
1138,2021-08-27,CLB2021,3,CIN2021,2
1139,2021-08-21,VAN2021,2,LAFC2021,1
1140,2021-08-21,COL2021,2,RSL2021,1
1141,2021-08-21,ATX2021,3,POR2021,1
1142,2021-08-21,ORL2021,1,CHI2021,0
1143,2021-08-21,HOU2021,2,FCD2021,2
1144,2021-08-21,PHI2021,1,MTL2021,1
1145,2021-08-21,MIA2021,3,TOR2021,0
1146,2021-08-21,DCU2021,1,ATL2021,2
1147,2021-08-21,NER2021,4,CIN2021,1
1148,2021-08-21,CLB2021,1,SEA2021,2
1149,2021-08-21,MIN2021,0,SKC2021,0
1150,2021-08-20,LAG2021,1,SJE2021,1
1151,2021-08-18,RSL2021,2,HOU2021,1
1152,2021-08-18,ATX2021,1,VAN2021,2
1153,2021-08-18,NSH2021,1,ORL2021,1
1154,2021-08-18,SKC2021,1,POR2021,1
1155,2021-08-18,FCD2021,0,SEA2021,1
1156,2021-08-18,NYRB2021,1,CLB2021,0
1157,2021-08-18,MIA2021,3,CHI2021,2
1158,2021-08-18,PHI2021,1,NYC2021,0
1159,2021-08-18,CIN2021,0,MTL2021,0
1160,2021-08-18,ATL2021,1,TOR2021,0
1161,2021-08-18,NER2021,3,DCU2021,2
1162,2021-08-17,SJE2021,0,MIN2021,1
1163,2021-08-17,LAG2021,1,COL2021,2
1164,2021-08-15,POR2021,2,SEA2021,6
1165,2021-08-15,NSH2021,5,DCU2021,2
1166,2021-08-15,CHI2021,1,CLB2021,0
1167,2021-08-15,ATL2021,1,LAFC2021,0
1168,2021-08-14,RSL2021,1,ATX2021,0
1169,2021-08-14,FCD2021,0,SKC2021,2
1170,2021-08-14,HOU2021,1,COL2021,3
1171,2021-08-14,TOR2021,1,NER2021,2
1172,2021-08-14,NYC2021,2,MIA2021,0
1173,2021-08-14,MTL2021,2,NYRB2021,1
1174,2021-08-14,MIN2021,0,LAG2021,1
1175,2021-08-13,SJE2021,0,VAN2021,0
1176,2021-08-08,LAG2021,1,VAN2021,1
1177,2021-08-08,DCU2021,2,MTL2021,1
1178,2021-08-08,SJE2021,2,LAFC2021,0
1179,2021-08-08,NER2021,2,PHI2021,1
1180,2021-08-08,CHI2021,2,NYRB2021,1
1181,2021-08-08,MIA2021,2,NSH2021,1
1182,2021-08-07,POR2021,3,RSL2021,2
1183,2021-08-07,COL2021,0,SKC2021,0
1184,2021-08-07,FCD2021,2,ATX2021,0
1185,2021-08-07,TOR2021,2,NYC2021,2
1186,2021-08-07,MIN2021,2,HOU2021,0
1187,2021-08-07,CLB2021,2,ATL2021,3
1188,2021-08-07,CIN2021,1,ORL2021,1
1189,2021-08-04,LAG2021,1,RSL2021,0
1190,2021-08-04,POR2021,1,SJE2021,1
1191,2021-08-04,LAFC2021,1,SKC2021,4
1192,2021-08-04,SEA2021,1,FCD2021,1
1193,2021-08-04,ATX2021,3,HOU2021,2
1194,2021-08-04,CHI2021,0,NYC2021,0
1195,2021-08-04,ORL2021,1,MIA2021,1
1196,2021-08-04,NYRB2021,0,CIN2021,0
1197,2021-08-04,MTL2021,2,ATL2021,2
1198,2021-08-04,PHI2021,3,TOR2021,0
1199,2021-08-04,CLB2021,2,DCU2021,4
1200,2021-08-04,NER2021,0,NSH2021,0
1201,2021-08-01,TOR2021,1,NSH2021,1
1202,2021-08-01,PHI2021,1,CHI2021,1
1203,2021-07-31,VAN2021,2,MIN2021,2
1204,2021-07-31,ATX2021,0,COL2021,1
1205,2021-07-31,SKC2021,1,FCD2021,2
1206,2021-07-31,HOU2021,0,RSL2021,0
1207,2021-07-31,MIA2021,2,MTL2021,1
1208,2021-07-31,CIN2021,0,DCU2021,0
1209,2021-07-31,NYRB2021,2,NER2021,3
1210,2021-07-31,SEA2021,0,SJE2021,1
1211,2021-07-30,LAG2021,4,POR2021,1
1212,2021-07-30,ORL2021,3,ATL2021,2
1213,2021-07-30,NYC2021,4,CLB2021,1
1214,2021-07-28,LAFC2021,2,MIN2021,2
1215,2021-07-25,SEA2021,1,SKC2021,3
1216,2021-07-25,DCU2021,1,NYRB2021,0
1217,2021-07-25,MIA2021,1,PHI2021,1
1218,2021-07-25,NER2021,2,MTL2021,1
1219,2021-07-25,NYC2021,5,ORL2021,0
1220,2021-07-24,LAFC2021,2,VAN2021,2
1221,2021-07-24,SJE2021,0,HOU2021,1
1222,2021-07-24,RSL2021,2,COL2021,0
1223,2021-07-24,FCD2021,4,LAG2021,0
1224,2021-07-24,NSH2021,3,CIN2021,0
1225,2021-07-24,MIN2021,2,POR2021,1
1226,2021-07-24,CHI2021,1,TOR2021,2
1227,2021-07-24,ATL2021,0,CLB2021,1
1228,2021-07-22,ATX2021,0,SEA2021,1
1229,2021-07-22,ORL2021,2,PHI2021,1
1230,2021-07-21,POR2021,2,LAFC2021,1
1231,2021-07-21,RSL2021,2,LAG2021,2
1232,2021-07-21,COL2021,2,FCD2021,0
1233,2021-07-21,SKC2021,1,SJE2021,1
1234,2021-07-21,CHI2021,1,DCU2021,2
1235,2021-07-21,CIN2021,1,ATL2021,1
1236,2021-07-21,MIA2021,0,NER2021,5
1237,2021-07-21,CLB2021,0,NSH2021,0
1238,2021-07-21,TOR2021,1,NYRB2021,1
1239,2021-07-21,NYC2021,1,MTL2021,0
1240,2021-07-20,VAN2021,0,HOU2021,0
1241,2021-07-18,MIN2021,1,SEA2021,0
1242,2021-07-17,LAFC2021,2,RSL2021,1
1243,2021-07-17,POR2021,1,FCD2021,0
1244,2021-07-17,VAN2021,2,LAG2021,1
1245,2021-07-17,COL2021,1,SJE2021,1
1246,2021-07-17,NSH2021,5,CHI2021,1
1247,2021-07-17,CLB2021,2,NYC2021,1
1248,2021-07-17,MTL2021,5,CIN2021,4
1249,2021-07-17,TOR2021,1,ORL2021,1
1250,2021-07-17,PHI2021,2,DCU2021,1
1251,2021-07-17,ATL2021,0,NER2021,1
1252,2021-07-09,CIN2021,2,CLB2021,2
1253,2021-07-08,NYRB2021,1,PHI2021,1
1254,2021-07-08,NSH2021,2,ATL2021,2
1255,2021-07-07,LAG2021,3,FCD2021,1
1256,2021-07-07,VAN2021,0,RSL2021,4
1257,2021-07-07,ATX2021,0,LAFC2021,2
1258,2021-07-07,SEA2021,2,HOU2021,0
1259,2021-07-07,COL2021,2,MIN2021,0
1260,2021-07-07,CHI2021,3,ORL2021,1
1261,2021-07-07,MTL2021,2,NYC2021,1
1262,2021-07-07,NER2021,2,TOR2021,3
1263,2021-07-04,LAG2021,0,SKC2021,2
1264,2021-07-04,COL2021,1,SEA2021,1
1265,2021-07-04,FCD2021,1,VAN2021,2
1266,2021-07-03,RSL2021,0,LAFC2021,1
1267,2021-07-03,HOU2021,1,CIN2021,1
1268,2021-07-03,NSH2021,1,PHI2021,0
1269,2021-07-03,MIN2021,2,SJE2021,2
1270,2021-07-03,CHI2021,3,ATL2021,0
1271,2021-07-03,MTL2021,1,MIA2021,0
1272,2021-07-03,ORL2021,1,NYRB2021,2
1273,2021-07-03,DCU2021,6,TOR2021,1
1274,2021-07-03,CLB2021,1,NER2021,2
1275,2021-07-01,ATX2021,4,POR2021,1
1276,2021-06-27,FCD2021,2,NER2021,1
1277,2021-06-27,ATX2021,0,CLB2021,0
1278,2021-06-27,NYC2021,2,DCU2021,1
1279,2021-06-27,ATL2021,0,NYRB2021,0
1280,2021-06-26,POR2021,0,MIN2021,1
1281,2021-06-26,SJE2021,1,LAG2021,2
1282,2021-06-26,SEA2021,2,VAN2021,2
1283,2021-06-26,NSH2021,1,MTL2021,1
1284,2021-06-26,CHI2021,2,PHI2021,2
1285,2021-06-26,RSL2021,1,HOU2021,1
1286,2021-06-26,TOR2021,0,CIN2021,2
1287,2021-06-26,SKC2021,2,LAFC2021,1
1288,2021-06-25,MIA2021,1,ORL2021,2
1289,2021-06-23,LAFC2021,2,FCD2021,0
1290,2021-06-23,VAN2021,1,LAG2021,2
1291,2021-06-23,SEA2021,2,RSL2021,1
1292,2021-06-23,NSH2021,3,TOR2021,2
1293,2021-06-23,SKC2021,3,COL2021,1
1294,2021-06-23,HOU2021,2,POR2021,2
1295,2021-06-23,MIN2021,2,ATX2021,0
1296,2021-06-23,MTL2021,0,DCU2021,0
1297,2021-06-23,CHI2021,0,CIN2021,1
1298,2021-06-23,PHI2021,1,CLB2021,0
1299,2021-06-23,NYC2021,1,ATL2021,0
1300,2021-06-23,NER2021,3,NYRB2021,2
1301,2021-06-22,ORL2021,5,SJE2021,0
1302,2021-06-20,ATL2021,1,PHI2021,2
1303,2021-06-19,LAFC2021,1,HOU2021,1
1304,2021-06-19,POR2021,2,SKC2021,1
1305,2021-06-19,ATX2021,0,SJE2021,0
1306,2021-06-19,LAG2021,1,SEA2021,2
1307,2021-06-19,FCD2021,1,MIN2021,1
1308,2021-06-19,DCU2021,1,MIA2021,0
1309,2021-06-19,NYC2021,2,NER2021,3
1310,2021-06-19,TOR2021,2,ORL2021,3
1311,2021-06-19,CIN2021,0,COL2021,2
1312,2021-06-19,CLB2021,2,CHI2021,0
1313,2021-06-18,RSL2021,3,VAN2021,1
1314,2021-06-18,NYRB2021,2,NSH2021,0
1315,2021-06-12,SKC2021,1,ATX2021,1
1316,2021-05-30,SEA2021,0,ATX2021,0
1317,2021-05-30,PHI2021,3,POR2021,0
1318,2021-05-29,RSL2021,1,MIN2021,1
1319,2021-05-29,COL2021,2,FCD2021,0
1320,2021-05-29,SKC2021,3,HOU2021,2
1321,2021-05-29,MIA2021,0,DCU2021,3
1322,2021-05-29,LAG2021,0,SJE2021,0
1323,2021-05-29,LAFC2021,1,NYC2021,2
1324,2021-05-29,ATL2021,2,NSH2021,2
1325,2021-05-29,CLB2021,2,TOR2021,1
1326,2021-05-29,CIN2021,0,NER2021,1
1327,2021-05-29,NYRB2021,2,ORL2021,1
1328,2021-05-29,CHI2021,0,MTL2021,1
1329,2021-05-23,NSH2021,1,ATX2021,0
1330,2021-05-23,DCU2021,0,PHI2021,1
1331,2021-05-23,SEA2021,1,ATL2021,1
1332,2021-05-22,LAFC2021,2,COL2021,1
1333,2021-05-22,SJE2021,1,SKC2021,3
1334,2021-05-22,HOU2021,2,VAN2021,1
1335,2021-05-22,NER2021,3,NYRB2021,1
1336,2021-05-22,FCD2021,2,RSL2021,2
1337,2021-05-22,NYC2021,1,CLB2021,2
1338,2021-05-22,ORL2021,1,TOR2021,0
1339,2021-05-22,CHI2021,1,MIA2021,0
1340,2021-05-22,POR2021,3,LAG2021,0
1341,2021-05-22,MTL2021,1,CIN2021,2
1342,2021-05-16,SEA2021,2,LAFC2021,0
1343,2021-05-16,DCU2021,0,ORL2021,1
1344,2021-05-16,NER2021,1,CLB2021,0
1345,2021-05-16,CIN2021,2,MIA2021,3
1346,2021-05-16,SKC2021,3,VAN2021,0
1347,2021-05-15,SJE2021,0,POR2021,2
1348,2021-05-15,RSL2021,0,NSH2021,0
1349,2021-05-15,COL2021,3,HOU2021,1
1350,2021-05-15,MIN2021,1,FCD2021,0
1351,2021-05-15,PHI2021,1,NYRB2021,0
1352,2021-05-15,ATL2021,1,MTL2021,0
1353,2021-05-15,LAG2021,2,ATX2021,0
1354,2021-05-15,NYC2021,1,TOR2021,1
1355,2021-05-13,DCU2021,1,CHI2021,0
1356,2021-05-12,SJE2021,0,SEA2021,1
1357,2021-05-12,MIN2021,1,VAN2021,0
1358,2021-05-12,HOU2021,1,SKC2021,0
1359,2021-05-12,PHI2021,1,NER2021,1
1360,2021-05-12,MIA2021,0,MTL2021,2
1361,2021-05-12,TOR2021,2,CLB2021,0
1362,2021-05-09,SKC2021,2,ATX2021,1
1363,2021-05-09,POR2021,1,SEA2021,2
1364,2021-05-09,MIA2021,1,ATL2021,1
1365,2021-05-08,COL2021,3,MIN2021,2
1366,2021-05-08,LAG2021,2,LAFC2021,1
1367,2021-05-08,ORL2021,1,NYC2021,1
1368,2021-05-08,FCD2021,1,HOU2021,1
1369,2021-05-08,VAN2021,2,MTL2021,0
1370,2021-05-08,NSH2021,2,NER2021,0
1371,2021-05-08,CLB2021,1,DCU2021,1
1372,2021-05-08,NYRB2021,2,TOR2021,0
1373,2021-05-08,CHI2021,0,PHI2021,2
1374,2021-05-07,RSL2021,1,SJE2021,2
1375,2021-05-02,VAN2021,0,COL2021,1
1376,2021-05-02,SEA2021,3,LAG2021,0
1377,2021-05-02,NSH2021,0,MIA2021,0
1378,2021-05-01,SJE2021,4,DCU2021,1
1379,2021-05-01,MIN2021,0,ATX2021,1
1380,2021-05-01,FCD2021,4,POR2021,1
1381,2021-05-01,PHI2021,0,NYC2021,2
1382,2021-05-01,ORL2021,3,CIN2021,0
1383,2021-05-01,NER2021,2,ATL2021,1
1384,2021-05-01,HOU2021,1,LAFC2021,1
1385,2021-05-01,MTL2021,0,CLB2021,0
1386,2021-05-01,RSL2021,3,SKC2021,1
1387,2021-05-01,NYRB2021,2,CHI2021,0
1388,2021-04-25,LAG2021,3,NYRB2021,2
1389,2021-04-24,POR2021,2,HOU2021,0
1390,2021-04-24,COL2021,1,ATX2021,3
1391,2021-04-24,PHI2021,1,MIA2021,2
1392,2021-04-24,ATL2021,2,CHI2021,1
1393,2021-04-24,MIN2021,1,RSL2021,2
1394,2021-04-24,NER2021,0,DCU2021,0
1395,2021-04-24,LAFC2021,1,SEA2021,1
1396,2021-04-24,SJE2021,3,FCD2021,1
1397,2021-04-24,TOR2021,2,VAN2021,2
1398,2021-04-24,NSH2021,2,MTL2021,2
1399,2021-04-24,NYC2021,4,CIN2021,0
1400,2021-04-23,SKC2021,1,ORL2021,1
1401,2021-04-18,VAN2021,1,POR2021,0
1402,2021-04-18,CLB2021,0,PHI2021,0
1403,2021-04-18,MIA2021,2,LAG2021,3
1404,2021-04-17,CHI2021,2,NER2021,2
1405,2021-04-17,NSH2021,2,CIN2021,2
1406,2021-04-17,NYRB2021,1,SKC2021,2
1407,2021-04-17,FCD2021,0,COL2021,0
1408,2021-04-17,DCU2021,2,NYC2021,1
1409,2021-04-17,LAFC2021,2,ATX2021,0
1410,2021-04-17,ORL2021,0,ATL2021,0
1411,2021-04-17,MTL2021,4,TOR2021,2
1412,2021-04-16,SEA2021,4,MIN2021,0
1413,2021-04-16,HOU2021,2,SJE2021,1
